model,dataset,optimizer,best_val_auc,accuracy,sensitivity,specificity,f1_macro,f1_weighted,train_time_min
CNN2D,Dataset_A,Adam,0.8489,0.9171,0.4619,0.918,0.4894,0.9548,7.78
CNN2D,Dataset_A,Nadam,0.8211,0.8757,0.5571,0.8764,0.4758,0.9318,7.2
CNN2D,Dataset_A,AdamW,0.876,0.9075,0.4476,0.9085,0.4854,0.9496,7.86
CNN2D,Dataset_B,Adam,0.9714,0.9672,0.5625,0.9674,0.5025,0.9827,4.47
CNN2D,Dataset_B,Nadam,0.8131,0.9813,0.5,0.9817,0.5121,0.99,2.04
CNN2D,Dataset_B,AdamW,0.8825,0.9839,0.5625,0.9841,0.5176,0.9912,3.6
conformer,Dataset_A,Adam,0.8449,0.9089,0.5333,0.9097,0.4877,0.9503,30.09
conformer,Dataset_A,Nadam,0.7963,0.9583,0.3381,0.9595,0.5052,0.9767,27.63
conformer,Dataset_A,AdamW,0.5003,0.978,0.5095,0.9789,0.5372,0.987,15.08
conformer,Dataset_B,Adam,0.8146,0.9391,0.625,0.9393,0.4909,0.968,5.31
conformer,Dataset_B,Nadam,0.8206,0.9823,0.625,0.9826,0.5175,0.9905,11.12
conformer,Dataset_B,AdamW,0.775,0.9626,0.8125,0.9627,0.5042,0.9803,5.69
lstm,Dataset_A,Adam,0.8762,0.9817,0.5571,0.9826,0.5504,0.989,44.67
lstm,Dataset_A,Nadam,0.8693,0.9703,0.6286,0.971,0.5319,0.9831,42.76
lstm,Dataset_A,AdamW,0.8594,0.9834,0.5095,0.9843,0.551,0.9898,48.52
lstm,Dataset_B,Adam,0.9693,0.9676,1.0,0.9675,0.511,0.9829,23.05
lstm,Dataset_B,Nadam,0.9463,0.9076,1.0,0.9075,0.4827,0.9509,23.54
lstm,Dataset_B,AdamW,0.8732,0.9299,0.5,0.9302,0.4864,0.963,14.78
cnn_lstm,Dataset_A,Adam,0.8014,0.9197,0.481,0.9206,0.4909,0.9563,43.24
cnn_lstm,Dataset_A,Nadam,0.7219,0.9153,0.4762,0.9162,0.489,0.9539,44.59
cnn_lstm,Dataset_A,AdamW,0.7955,0.8653,0.5429,0.866,0.4719,0.9259,35.41
cnn_lstm,Dataset_B,Adam,0.955,0.9396,0.625,0.9398,0.4911,0.9682,19.39
cnn_lstm,Dataset_B,Nadam,0.8697,0.9846,0.75,0.9848,0.5259,0.9916,12.21
cnn_lstm,Dataset_B,AdamW,0.9885,0.9817,0.5625,0.9819,0.5145,0.9901,15.58
lstm_conformer,Dataset_A,Adam,0.9125,0.9889,0.5952,0.9897,0.5864,0.9928,118.1
lstm_conformer,Dataset_A,Nadam,0.8928,0.9775,0.5476,0.9784,0.5392,0.9868,109.03
lstm_conformer,Dataset_A,AdamW,0.8931,0.986,0.4429,0.9871,0.5534,0.9912,125.89
lstm_conformer,Dataset_B,Adam,0.9892,0.9866,0.6875,0.9868,0.5278,0.9926,26.72
lstm_conformer,Dataset_B,Nadam,0.9847,0.9816,0.875,0.9817,0.5245,0.9901,35.13
lstm_conformer,Dataset_B,AdamW,0.9566,0.9849,0.75,0.9851,0.5265,0.9918,35.91
complex_hybrid,Dataset_A,Adam,0.862,0.9018,0.5667,0.9025,0.4856,0.9464,149.24
complex_hybrid,Dataset_A,Nadam,0.8117,0.8823,0.519,0.883,0.4775,0.9355,92.88
complex_hybrid,Dataset_A,AdamW,0.8047,0.7493,0.819,0.7491,0.4347,0.8547,88.91
complex_hybrid,Dataset_B,Adam,0.9114,0.988,0.5,0.9883,0.5225,0.9933,22.11
complex_hybrid,Dataset_B,Nadam,0.8937,0.9897,0.6875,0.9899,0.5374,0.9942,61.22
complex_hybrid,Dataset_B,AdamW,0.9078,0.9881,0.4375,0.9885,0.5198,0.9934,25.83
